--
-- -- Organization
-- insert into organization(id, name) values(1, 'org#name#1');
-- insert into organization(id, name) values(2, 'org#name#2');
-- insert into organization(id, name) values(3, 'org#name#3');
-- insert into organization(id, name) values(4, 'org#name#4');
-- -- Department
-- insert into department(id, name, organization_id) values(1, 'dep#name#1', 1);
-- insert into department(id, name, organization_id) values(2, 'dep#name#2', 2);
-- insert into department(id, name, organization_id) values(3, 'dep#name#3', 3);
-- insert into department(id, name, organization_id) values(4, 'dep#name#4', 4);
-- insert into department(id, name, organization_id) values(5, 'dep#name#4', 3);
-- insert into department(id, name, organization_id) values(6, 'dep#name#4', 2);
-- -- Employee
-- insert into employee(id, name, position, salary, age, department_id) values (1, 'employee#1', 'Software Engineering Manager', 12000, 27, 1);
-- insert into employee(id, name, position, salary, age, department_id) values (2, 'employee#2', 'Mobile Applications Developer', 28000, 29, 2);
-- insert into employee(id, name, position, salary, age, department_id) values (3, 'employee#3', 'Information Systems Security Manager', 13000, 25, 6);
-- insert into employee(id, name, position, salary, age, department_id) values (4, 'employee#4', 'Database Manager', 26000, 49, 6);
-- insert into employee(id, name, position, salary, age, department_id) values (5, 'employee#5', 'Data Security Analyst', 31000, 41, 5);
-- insert into employee(id, name, position, salary, age, department_id) values (6, 'employee#6', 'Product Manager', 31000, 39, 5);
-- insert into employee(id, name, position, salary, age, department_id) values (7, 'employee#7', 'AI Engineer', 23000, 45, 4);
-- insert into employee(id, name, position, salary, age, department_id) values (8, 'employee#8', 'Front-End Developer', 25000, 44, 1);
-- insert into employee(id, name, position, salary, age, department_id) values (9, 'employee#9', 'Full-Stack Developer', 31000, 42, 6);
-- insert into employee(id, name, position, salary, age, department_id) values (10, 'employee#10', 'Cloud Architect', 14000, 30, 3);
-- insert into employee(id, name, position, salary, age, department_id) values (11, 'employee#11', 'DevOps Engineer', 12000, 50, 4);
-- insert into employee(id, name, position, salary, age, department_id) values (12, 'employee#12', 'Software Architect', 8000, 46, 5);
-- insert into employee(id, name, position, salary, age, department_id) values (13, 'employee#13', 'Database Manager', 18000, 46, 4);
-- insert into employee(id, name, position, salary, age, department_id) values (14, 'employee#14', 'Cloud Architect', 16000, 46, 4);
-- insert into employee(id, name, position, salary, age, department_id) values (15, 'employee#15', 'Cloud Architect', 18000, 46, 6);
--
--
